# Insertion to People
INSERT INTO `People` VALUES ('1','Lilyan','Beahan'),
('10','Ezekiel','Pollich'),
('100','Marlon','Hyatt'),
('11','Eladio','Pollich'),
('12','Amina','Corwin'),
('13','Shemar','Sauer'),
('14','Pearline','Reichert'),
('15','Marlee','Ratke'),
('16','Judd','Adams'),
('17','Catherine','Prohaska'),
('18','Mylene','Hyatt'),
('19','Stefanie','Feil'),
('2','Melany','Price'),
('20','Sterling','King'),
('21','River','Lebsack'),
('22','Raegan','Doyle'),
('23','Rocio','Auer'),
('24','Justyn','Kshlerin'),
('25','Kassandra','O\'Kon'),
('26','Samson','Hilpert'),
('27','Macey','Bernier'),
('28','Porter','Cartwright'),
('29','Alvis','Reinger'),
('3','Dewayne','Wuckert'),
('30','Laurie','Bednar'),
('31','Tessie','Raynor'),
('32','Stewart','Lockman'),
('33','Fae','Armstrong'),
('34','Gregory','O\'Hara'),
('35','Gregoria','Schuster'),
('36','Bailey','Botsford'),
('37','Julio','Schroeder'),
('38','Alison','Casper'),
('39','Cayla','Langosh'),
('4','Brady','Tremblay'),
('40','Cecile','Legros'),
('41','Toney','Hahn'),
('42','Cade','Tremblay'),
('43','Joey','Veum'),
('44','Hudson','Rippin'),
('45','Amina','Schimmel'),
('46','Lon','Stiedemann'),
('47','Glenna','Prohaska'),
('48','Ole','Pouros'),
('49','Elna','D\'Amore'),
('5','Bill','Sawayn'),
('50','Isai','Maggio'),
('51','Hazle','Adams'),
('52','Santiago','Bednar'),
('53','Shyann','O\'Hara'),
('54','Murphy','Yost'),
('55','Charles','Ankunding'),
('56','Ramon','Schroeder'),
('57','Leann','Hane'),
('58','Salvatore','Strosin'),
('59','Shaylee','Howell'),
('6','Elisha','Wiza'),
('60','Vinnie','Bauch'),
('61','Elias','Rodriguez'),
('62','Joanny','Purdy'),
('63','Victoria','Kuhlman'),
('64','Savanna','Hills'),
('65','Meredith','Beer'),
('66','Xavier','Green'),
('67','Bailee','Rempel'),
('68','Precious','Klein'),
('69','Lucile','Keeling'),
('7','Emie','Okuneva'),
('70','Ernestina','Turner'),
('71','Felipe','Blick'),
('72','Terrill','Muller'),
('73','Angela','Feest'),
('74','Corine','Sauer'),
('75','Nikki','Simonis'),
('76','Kristin','Bednar'),
('77','Ulises','McCullough'),
('78','Hector','Wyman'),
('79','Lucienne','Nader'),
('8','Catharine','McGlynn'),
('80','Nia','Beer'),
('81','Gladyce','Senger'),
('82','Elva','Daugherty'),
('83','Luisa','Sporer'),
('84','Braden','Kassulke'),
('85','Ignatius','Howe'),
('86','Carolina','Herman'),
('87','Elyssa','Toy'),
('88','Audreanne','Schulist'),
('89','Tyra','Sauer'),
('9','Willa','Crooks'),
('90','Catherine','Hand'),
('91','Priscilla','Goyette'),
('92','Fred','Lehner'),
('93','Kaitlyn','Legros'),
('94','Jessika','Kovacek'),
('95','Bria','Mann'),
('96','Ignatius','McGlynn'),
('97','Demarco','Kuhlman'),
('98','Dwight','Bartoletti'),
('99','Drew','Pouros');

# Insertion to User
INSERT INTO `User` VALUES ('1','collier.lowell@example.org','23008'),
('10','schuster.fleta@example.net','02798-2015'),
('100','kathryne.braun@example.org','80558-1775'),
('11','auer.sterling@example.net','06562-5156'),
('12','lind.leonor@example.com','63797-0539'),
('13','kaitlyn28@example.com','16426-2360'),
('14','stark.felipe@example.org','27139'),
('15','austen.rowe@example.net','85733-0933'),
('16','stanton.rosina@example.com','55831'),
('17','kbogisich@example.org','20966'),
('18','rocky.batz@example.com','09115'),
('19','philip32@example.net','09732'),
('2','shields.estell@example.net','61613-9554'),
('20','javier03@example.net','04735-5982'),
('21','mills.hailey@example.net','75898'),
('22','kshlerin.izabella@example.org','58335-4306'),
('23','heath.greenholt@example.com','15987'),
('24','weber.milford@example.com','08840'),
('25','larson.susana@example.org','30804-8514'),
('26','noemy76@example.com','65036-8341'),
('27','lucius45@example.net','57160'),
('28','nbatz@example.com','13855'),
('29','meredith.mosciski@example.net','67287'),
('3','emmanuelle.graham@example.com','74358-3992'),
('30','ljacobi@example.com','36203'),
('31','dayana.hahn@example.com','33885'),
('32','lue57@example.org','10394'),
('33','stark.fidel@example.com','99309-4541'),
('34','imoen@example.com','13200-9681'),
('35','fschiller@example.com','09515-9253'),
('36','cronin.alessandra@example.net','16359-3943'),
('37','emmerich.nelson@example.org','92597-5735'),
('38','bettye.goodwin@example.net','37478-7786'),
('39','berenice.predovic@example.com','90222-0327'),
('4','schaden.lea@example.com','35465-6959'),
('40','georgiana58@example.org','37602'),
('41','mcglynn.danial@example.net','57025'),
('42','gaetano18@example.com','06229-2598'),
('43','conroy.kane@example.net','41345-4700'),
('44','block.victoria@example.com','15361'),
('45','oreichert@example.org','81504'),
('46','weimann.mariela@example.org','64911'),
('47','hannah98@example.org','31421-7265'),
('48','ukovacek@example.net','31305-7301'),
('49','arlie.ortiz@example.org','69874-3485'),
('5','addison66@example.org','34143'),
('50','kuvalis.giovanny@example.net','06778'),
('51','dkozey@example.net','69245-5310'),
('52','fturcotte@example.org','70028'),
('53','botsford.sebastian@example.net','49762'),
('54','gottlieb.reinhold@example.org','40136'),
('55','mpacocha@example.com','55562'),
('56','elisabeth96@example.com','98332'),
('57','saul.heidenreich@example.com','03230'),
('58','marlene.sauer@example.com','65288-9138'),
('59','gerhold.garry@example.org','02497-3273'),
('6','javonte.corkery@example.com','19852'),
('60','kailyn.kovacek@example.org','26162'),
('61','keegan.smitham@example.org','57455-2677'),
('62','beier.caterina@example.com','14574-2103'),
('63','floy.mills@example.net','89260-8273'),
('64','bondricka@example.com','79000-5524'),
('65','lherman@example.org','04800-6206'),
('66','krystina.treutel@example.com','96151'),
('67','dimitri76@example.net','83733'),
('68','rohan.alphonso@example.net','69877'),
('69','molly02@example.com','03082'),
('7','sawayn.nolan@example.com','72707-5461'),
('70','shanahan.ariel@example.net','76115'),
('71','abigail.von@example.net','86982-4695'),
('72','hodkiewicz.walker@example.org','27821'),
('73','mgoyette@example.net','45298-3310'),
('74','ernser.jeanie@example.com','88280'),
('75','marks.karina@example.org','18022'),
('76','darrick.herzog@example.net','81051-1171'),
('77','hoeger.evan@example.com','81637-5660'),
('78','beahan.andreanne@example.net','73719-7076'),
('79','nitzsche.oswald@example.org','53675'),
('8','tillman.amira@example.net','65805'),
('80','kkiehn@example.com','81629-3826');

# Insertion to Artist
INSERT INTO `Artist` VALUES ('9','In quos fuga distinctio est ut. Adipisci itaque culpa facere pariatur earum nulla mollitia.'),
('81','Quia voluptatem doloribus cupiditate nisi et est. Sit beatae voluptas magni facilis aut aliquid eum '),
('82','Iure ab itaque ab odit. In ut sunt deleniti et et. Voluptates aut at consectetur ullam rem occaecati'),
('83','Amet illum labore sit porro assumenda officiis sed. Ullam adipisci ut eum iusto blanditiis. Quaerat '),
('84','Dolor at velit vel reiciendis. Perspiciatis et odio voluptate earum non libero impedit. Dolor quasi '),
('85', null),
('86','Quae neque quos necessitatibus molestias aut adipisci. Received Grammy\'s Award in 2017'),
('87','Illo facere totam nesciunt. Saepe doloribus suscipit culpa at aliquid earum. Dolor sunt quis qui tot'),
('88','Corporis cupiditate est atque a expedita rerum nulla. Accusamus aut voluptas a aliquid accusantium i'),
('89','Assumenda veritatis rerum omnis ab sed repellat. Maxime eveniet eligendi suscipit quod autem distinc'),
('90','Non commodi voluptates accusantium quia id. Animi quia voluptatem labore explicabo officiis rerum im'),
('91','Non nulla hic ut consequuntur. Sit aut aut voluptates magnam molestiae quo. Quas dolorem sit sunt la'),
('92','Magni recusandae temporibus sit quo rerum a facere. Sunt eligendi sequi dolorem aut itaque et non ma'),
('93','Autem sit aperiam perspiciatis corporis. Quo voluptate . Received Grammy\'s Award in 2000'),
('94','Dicta eligendi nemo est repellat sed repellendus animi. Explicabo odio asperiores qui et dolores deb'),
('95', null),
('96','Repudiandae non quibusdam est sequi deleniti. Inventore perferendis rerum rerum expedita non. Nihil '),
('97','Inventore non aspernatur voluptatum voluptas sunt libero commodi. Ut fugit et quasi reprehenderit ut'),
('98','Debitis nesciunt sit inventore soluta autem facere. Voluptas blanditiis ipsa quia et. Deleniti volup'),
('26','Ut porro sint alias hic. Et deleniti mollitia similique asperiores tempore ex enim. Id magnam non qu'),
('47','Ut porro sint alias hic. Et deleniti mollitia similique asperiores tempore ex enim. Id magnam non qu'),
('5','Ut porro sint alias hic. Et deleniti mollitia similique asperiores tempore ex enim. Id magnam non qu'),
('80','Received a Viewer\'s choice award in 2017.');

# Insertion to Free
INSERT INTO `Free` (`id`) VALUES ('1');
INSERT INTO `Free` (`id`) VALUES ('10');
INSERT INTO `Free` (`id`) VALUES ('100');
INSERT INTO `Free` (`id`) VALUES ('11');
INSERT INTO `Free` (`id`) VALUES ('12');
INSERT INTO `Free` (`id`) VALUES ('13');
INSERT INTO `Free` (`id`) VALUES ('14');
INSERT INTO `Free` (`id`) VALUES ('15');
INSERT INTO `Free` (`id`) VALUES ('16');
INSERT INTO `Free` (`id`) VALUES ('17');
INSERT INTO `Free` (`id`) VALUES ('18');
INSERT INTO `Free` (`id`) VALUES ('19');
INSERT INTO `Free` (`id`) VALUES ('2');
INSERT INTO `Free` (`id`) VALUES ('20');
INSERT INTO `Free` (`id`) VALUES ('21');
INSERT INTO `Free` (`id`) VALUES ('22');
INSERT INTO `Free` (`id`) VALUES ('23');
INSERT INTO `Free` (`id`) VALUES ('24');
INSERT INTO `Free` (`id`) VALUES ('25');
INSERT INTO `Free` (`id`) VALUES ('26');
INSERT INTO `Free` (`id`) VALUES ('27');
INSERT INTO `Free` (`id`) VALUES ('28');
INSERT INTO `Free` (`id`) VALUES ('29');
INSERT INTO `Free` (`id`) VALUES ('3');
INSERT INTO `Free` (`id`) VALUES ('30');
INSERT INTO `Free` (`id`) VALUES ('31');
INSERT INTO `Free` (`id`) VALUES ('32');
INSERT INTO `Free` (`id`) VALUES ('33');
INSERT INTO `Free` (`id`) VALUES ('34');
INSERT INTO `Free` (`id`) VALUES ('35');
INSERT INTO `Free` (`id`) VALUES ('36');
INSERT INTO `Free` (`id`) VALUES ('37');
INSERT INTO `Free` (`id`) VALUES ('38');
INSERT INTO `Free` (`id`) VALUES ('39');
INSERT INTO `Free` (`id`) VALUES ('4');
INSERT INTO `Free` (`id`) VALUES ('40');
INSERT INTO `Free` (`id`) VALUES ('41');
INSERT INTO `Free` (`id`) VALUES ('42');
INSERT INTO `Free` (`id`) VALUES ('43');
INSERT INTO `Free` (`id`) VALUES ('44');
INSERT INTO `Free` (`id`) VALUES ('45');
INSERT INTO `Free` (`id`) VALUES ('46');
INSERT INTO `Free` (`id`) VALUES ('47');
INSERT INTO `Free` (`id`) VALUES ('48');
INSERT INTO `Free` (`id`) VALUES ('49');
INSERT INTO `Free` (`id`) VALUES ('5');
INSERT INTO `Free` (`id`) VALUES ('50');
INSERT INTO `Free` (`id`) VALUES ('51');
INSERT INTO `Free` (`id`) VALUES ('52');
INSERT INTO `Free` (`id`) VALUES ('53');
INSERT INTO `Free` (`id`) VALUES ('54');
INSERT INTO `Free` (`id`) VALUES ('55');
INSERT INTO `Free` (`id`) VALUES ('56');
INSERT INTO `Free` (`id`) VALUES ('57');
INSERT INTO `Free` (`id`) VALUES ('58');
INSERT INTO `Free` (`id`) VALUES ('59');
INSERT INTO `Free` (`id`) VALUES ('6');
INSERT INTO `Free` (`id`) VALUES ('60');
INSERT INTO `Free` (`id`) VALUES ('61');
INSERT INTO `Free` (`id`) VALUES ('62');

# Insertion to Premium
INSERT INTO `Premium` (`id`, `security_code`, `type`, `number`, `exp_date`) VALUES ('63', '110', 'Amex', '4539413822937945', '2006-10-25');
INSERT INTO `Premium` (`id`, `security_code`, `type`, `number`, `exp_date`) VALUES ('64', '223', 'Visa', '5115545267953003', '2008-06-20');
INSERT INTO `Premium` (`id`, `security_code`, `type`, `number`, `exp_date`) VALUES ('65', '123', 'Visa', '4556286075729', '1978-05-30');
INSERT INTO `Premium` (`id`, `security_code`, `type`, `number`, `exp_date`) VALUES ('66', '311', 'Visa', '370291728985237', '1992-03-02');
INSERT INTO `Premium` (`id`, `security_code`, `type`, `number`, `exp_date`) VALUES ('67', '523', 'Discover', '4539509846920', '2015-01-13');
INSERT INTO `Premium` (`id`, `security_code`, `type`, `number`, `exp_date`) VALUES ('68', '712', 'Amex', '5358867202689873', '2015-10-09');
INSERT INTO `Premium` (`id`, `security_code`, `type`, `number`, `exp_date`) VALUES ('69', '623', 'Master', '377451945365540', '1972-04-22');
INSERT INTO `Premium` (`id`, `security_code`, `type`, `number`, `exp_date`) VALUES ('7', '605', 'Visa', '4532736327680', '1985-09-25');
INSERT INTO `Premium` (`id`, `security_code`, `type`, `number`, `exp_date`) VALUES ('70', '245', 'Discover', '6011807255026684', '1996-10-13');
INSERT INTO `Premium` (`id`, `security_code`, `type`, `number`, `exp_date`) VALUES ('71', '624', 'Master', '4024007177857', '1988-09-15');
INSERT INTO `Premium` (`id`, `security_code`, `type`, `number`, `exp_date`) VALUES ('72', '789', 'Master', '5359653690277744', '1982-02-15');
INSERT INTO `Premium` (`id`, `security_code`, `type`, `number`, `exp_date`) VALUES ('73', '834', 'Discover', '4539348214834414', '1983-12-09');
INSERT INTO `Premium` (`id`, `security_code`, `type`, `number`, `exp_date`) VALUES ('74', '432', 'Visa', '4485684693623991', '1970-02-16');
INSERT INTO `Premium` (`id`, `security_code`, `type`, `number`, `exp_date`) VALUES ('75', '712', 'Master', '4655807826122', '1972-04-14');
INSERT INTO `Premium` (`id`, `security_code`, `type`, `number`, `exp_date`) VALUES ('76', '890', 'Master', '4539258228130130', '1997-10-19');
INSERT INTO `Premium` (`id`, `security_code`, `type`, `number`, `exp_date`) VALUES ('77', '345', 'Master', '4485703275175102', '2012-07-23');
INSERT INTO `Premium` (`id`, `security_code`, `type`, `number`, `exp_date`) VALUES ('78', '123', 'Discover', '5321711753687387', '1997-12-29');
INSERT INTO `Premium` (`id`, `security_code`, `type`, `number`, `exp_date`) VALUES ('79', '545', 'Master', '4532289034543592', '2000-05-20');
INSERT INTO `Premium` (`id`, `security_code`, `type`, `number`, `exp_date`) VALUES ('8', '823', 'Master', '4532711285841579', '1978-11-27');

# Insertion to Interests
INSERT INTO `Interests` (`id`, `interest`) VALUES ('1', 'country');
INSERT INTO `Interests` (`id`, `interest`) VALUES ('10', 'rock');
INSERT INTO `Interests` (`id`, `interest`) VALUES ('100', 'jazz');
INSERT INTO `Interests` (`id`, `interest`) VALUES ('11', 'rock');
INSERT INTO `Interests` (`id`, `interest`) VALUES ('12', 'jazz');
INSERT INTO `Interests` (`id`, `interest`) VALUES ('13', 'classical');
INSERT INTO `Interests` (`id`, `interest`) VALUES ('14', 'jazz');
INSERT INTO `Interests` (`id`, `interest`) VALUES ('15', 'pop');
INSERT INTO `Interests` (`id`, `interest`) VALUES ('16', 'pop');
INSERT INTO `Interests` (`id`, `interest`) VALUES ('17', 'r&b');
INSERT INTO `Interests` (`id`, `interest`) VALUES ('18', 'heavy');
INSERT INTO `Interests` (`id`, `interest`) VALUES ('19', 'pop');
INSERT INTO `Interests` (`id`, `interest`) VALUES ('2', 'r&b');
INSERT INTO `Interests` (`id`, `interest`) VALUES ('20', 'pop');
INSERT INTO `Interests` (`id`, `interest`) VALUES ('21', 'classical');
INSERT INTO `Interests` (`id`, `interest`) VALUES ('22', 'pop');
INSERT INTO `Interests` (`id`, `interest`) VALUES ('23', 'country');
INSERT INTO `Interests` (`id`, `interest`) VALUES ('24', 'pop');
INSERT INTO `Interests` (`id`, `interest`) VALUES ('25', 'pop');
INSERT INTO `Interests` (`id`, `interest`) VALUES ('27', 'metal');
INSERT INTO `Interests` (`id`, `interest`) VALUES ('28', 'rock');
INSERT INTO `Interests` (`id`, `interest`) VALUES ('29', 'pop');
INSERT INTO `Interests` (`id`, `interest`) VALUES ('3', 'metal');
INSERT INTO `Interests` (`id`, `interest`) VALUES ('30', 'r&b');
INSERT INTO `Interests` (`id`, `interest`) VALUES ('31', 'country');
INSERT INTO `Interests` (`id`, `interest`) VALUES ('32', 'classical');
INSERT INTO `Interests` (`id`, `interest`) VALUES ('33', 'r&b');
INSERT INTO `Interests` (`id`, `interest`) VALUES ('34', 'jazz');
INSERT INTO `Interests` (`id`, `interest`) VALUES ('35', 'r&b');
INSERT INTO `Interests` (`id`, `interest`) VALUES ('36', 'pop');
INSERT INTO `Interests` (`id`, `interest`) VALUES ('37', 'other');
INSERT INTO `Interests` (`id`, `interest`) VALUES ('38', 'jazz');
INSERT INTO `Interests` (`id`, `interest`) VALUES ('39', 'pop');
INSERT INTO `Interests` (`id`, `interest`) VALUES ('4', 'metal');
INSERT INTO `Interests` (`id`, `interest`) VALUES ('40', 'country');
INSERT INTO `Interests` (`id`, `interest`) VALUES ('41', 'r&b');
INSERT INTO `Interests` (`id`, `interest`) VALUES ('42', 'country');
INSERT INTO `Interests` (`id`, `interest`) VALUES ('43', 'classical');
INSERT INTO `Interests` (`id`, `interest`) VALUES ('44', 'r&b');
INSERT INTO `Interests` (`id`, `interest`) VALUES ('45', 'heavy');
INSERT INTO `Interests` (`id`, `interest`) VALUES ('46', 'classical');
INSERT INTO `Interests` (`id`, `interest`) VALUES ('47', 'jazz');
INSERT INTO `Interests` (`id`, `interest`) VALUES ('48', 'other');
INSERT INTO `Interests` (`id`, `interest`) VALUES ('49', 'heavy');
INSERT INTO `Interests` (`id`, `interest`) VALUES ('5', 'classical');
INSERT INTO `Interests` (`id`, `interest`) VALUES ('50', 'classical');
INSERT INTO `Interests` (`id`, `interest`) VALUES ('51', 'other');
INSERT INTO `Interests` (`id`, `interest`) VALUES ('52', 'pop');
INSERT INTO `Interests` (`id`, `interest`) VALUES ('53', 'classical');
INSERT INTO `Interests` (`id`, `interest`) VALUES ('54', 'jazz');
INSERT INTO `Interests` (`id`, `interest`) VALUES ('55', 'other');
INSERT INTO `Interests` (`id`, `interest`) VALUES ('56', 'rock');
INSERT INTO `Interests` (`id`, `interest`) VALUES ('57', 'metal');
INSERT INTO `Interests` (`id`, `interest`) VALUES ('58', 'country');
INSERT INTO `Interests` (`id`, `interest`) VALUES ('59', 'other');
INSERT INTO `Interests` (`id`, `interest`) VALUES ('6', 'jazz');
INSERT INTO `Interests` (`id`, `interest`) VALUES ('60', 'jazz');
INSERT INTO `Interests` (`id`, `interest`) VALUES ('61', 'metal');
INSERT INTO `Interests` (`id`, `interest`) VALUES ('62', 'other');
INSERT INTO `Interests` (`id`, `interest`) VALUES ('63', 'heavy');
INSERT INTO `Interests` (`id`, `interest`) VALUES ('64', 'other');
INSERT INTO `Interests` (`id`, `interest`) VALUES ('65', 'pop');
INSERT INTO `Interests` (`id`, `interest`) VALUES ('66', 'metal');
INSERT INTO `Interests` (`id`, `interest`) VALUES ('67', 'jazz');
INSERT INTO `Interests` (`id`, `interest`) VALUES ('68', 'other');
INSERT INTO `Interests` (`id`, `interest`) VALUES ('69', 'classical');
INSERT INTO `Interests` (`id`, `interest`) VALUES ('7', 'rock');
INSERT INTO `Interests` (`id`, `interest`) VALUES ('70', 'heavy');
INSERT INTO `Interests` (`id`, `interest`) VALUES ('71', 'pop');
INSERT INTO `Interests` (`id`, `interest`) VALUES ('72', 'metal');
INSERT INTO `Interests` (`id`, `interest`) VALUES ('73', 'country');
INSERT INTO `Interests` (`id`, `interest`) VALUES ('74', 'other');
INSERT INTO `Interests` (`id`, `interest`) VALUES ('75', 'r&b');
INSERT INTO `Interests` (`id`, `interest`) VALUES ('76', 'jazz');
INSERT INTO `Interests` (`id`, `interest`) VALUES ('77', 'pop');
INSERT INTO `Interests` (`id`, `interest`) VALUES ('78', 'rock');
INSERT INTO `Interests` (`id`, `interest`) VALUES ('79', 'heavy');
INSERT INTO `Interests` (`id`, `interest`) VALUES ('8', 'country');
INSERT INTO `Interests` (`id`, `interest`) VALUES ('80', 'pop');

# Insertion to Content
INSERT INTO `Content` VALUES ('00222570','307','Quaerat modi debitis'),
('02977676','0','Modi quibusdam sed a'),
('03424667','0','Odit voluptas ipsum '),
('04048022','729345','Et aut et mollitia u'),
('05044337','6423110','Fuga laboriosam reru'),
('05537341','5','Consequuntur et porr'),
('06497736','0','Accusamus laborum un'),
('07128240','65','Ipsum possimus eos r'),
('07812927','643','Rem deleniti delenit'),
('09022164','659900000','Et quo dolor quis ve'),
('09299979','300','Est rem sed sit sit.'),
('09372566','94','Assumenda vel volupt'),
('11446620','914974','Aut recusandae ipsum'),
('11773146','947','Sint sit amet repell'),
('12813988','0','Maxime sed et sint.'),
('13241124','95','Quibusdam iure et qu'),
('13367527','0','Laborum vel blanditi'),
('13716738','623472000','Dolores est reiciend'),
('14773099','59683','Impedit minus ducimu'),
('15322586','647','Delectus id aut comm'),
('16558045','98667300','Voluptas ut aliquid '),
('17693127','13921','Ut non omnis volupta'),
('18406900','87787300','Alias accusantium po'),
('18419375','0','Veniam vitae necessi'),
('20180034','86017000','Sed eveniet consequa'),
('24065719','8283','Dolor odit iusto err'),
('26147260','35375','Accusamus est rerum '),
('26684840','1','Eum autem voluptatem'),
('27982709','699209000','Magnam quisquam dist'),
('28990161','42','Ut enim asperiores q'),
('30702158','602949','Hic voluptate dicta '),
('31654623','71503','Fugit aut nostrum pl'),
('32155693','61024','Iusto quidem consequ'),
('33034966','113490','Vero modi est placea'),
('34664728','1648','Maiores et sit minim'),
('35342960','74230','Voluptatem officiis '),
('35747246','147299','Ad odit recusandae i'),
('40946955','257704000','Excepturi ullam nesc'),
('42275381','70108100','Assumenda doloremque'),
('43160402','0','Dolorem dignissimos '),
('44499280','90764600','Corporis odit dolore'),
('44923082','722553','Non voluptate quo ni'),
('46599964','27','Omnis rem voluptatem'),
('48230247','8','Quasi est voluptatem'),
('48978903','5859','Vitae ipsam cupidita'),
('49621266','54135','Adipisci itaque volu'),
('50880164','4','Et repellat dolorum '),
('50881963','8855220','Sint ut eveniet illu'),
('51056056','605','Neque ducimus et in '),
('51903350','230685','Iusto et ad adipisci'),
('52376740','4','Aut labore et et qua'),
('52426223','38360900','Et dolorem fugit et '),
('52539251','741920','Quas nihil consequat'),
('52870255','44647800','Qui impedit et vel v'),
('57144948','31991500','Eveniet aspernatur r'),
('57176772','724041000','Quidem ipsam sequi v'),
('57653235','439964','Recusandae est est v'),
('58743898','173','Quibusdam vel nobis '),
('59082347','8771610','Modi eos veniam et d'),
('59711698','8','Et corporis est vel '),
('60649560','6','Earum sed corporis a'),
('60938060','13','Id ad a et nesciunt '),
('62954921','94','Enim dolor eum elige'),
('63542233','5','Eos fugit quos alias'),
('64683508','80576100','Eveniet excepturi ne'),
('66933564','62421700','Tempore dolore molli'),
('68422431','8411880','Vel aut reprehenderi'),
('69216473','0','Odit nisi dolorem so'),
('69858529','2','Culpa laborum aut in'),
('71114651','12602500','Temporibus aut quae '),
('71162584','3','Sit modi voluptates '),
('71208121','1','Laborum sed magni at'),
('73812418','1775','Eum rerum sint possi'),
('74458189','1135','Corporis porro perfe'),
('76090967','446725000','Similique recusandae'),
('76524776','482887000','Corporis assumenda n'),
('76776489','33563','Animi ullam porro qu'),
('76968563','5823550','Hic enim est itaque '),
('77193346','623564','Explicabo ex velit r'),
('80574774','6','Illum non atque dese'),
('80786320','846871000','Maxime omnis et qui '),
('80937616','125','Explicabo est sed et'),
('81734771','0','Culpa et cumque magn'),
('84119001','535471000','Recusandae nihil sin'),
('86445429','0','Sint voluptates et e'),
('86451635','2943850','Accusantium animi fu'),
('87137125','696580000','Sint sit exercitatio'),
('87924831','3722250','Eius ut ut quo quae '),
('90226748','280559','Reprehenderit qui er'),
('90814181','2237890','Consequuntur dolores'),
('90834370','561994000','In sapiente iusto la'),
('91541673','42284','Et aut voluptatibus '),
('94105209','31','Ducimus ut nihil et '),
('95983295','0','Sunt aut fugit place'),
('96320914','0','Tempore qui et corpo'),
('97476283','4391','Autem eum aut nulla '),
('98558575','49142100','Officia voluptas fug'),
('98609505','210650','Doloremque qui deser'),
('98633913','5775740','Iusto laboriosam nul'),
('99651008','604','Deserunt temporibus ');

# Insertion to Song
INSERT INTO `Song` VALUES ('00222570','rock'),
('02977676','rock'),
('03424667','classical'),
('04048022','rock'),
('05044337','heavy'),
('05537341','pop'),
('06497736','heavy'),
('07128240','metal'),
('07812927','r&b'),
('09022164','jazz'),
('09299979','r&b'),
('09372566','other'),
('11446620','country'),
('11773146','other'),
('12813988','pop'),
('13241124','classical'),
('13367527','metal'),
('13716738','r&b'),
('14773099','other'),
('15322586','country'),
('16558045','country'),
('17693127','jazz'),
('18406900','other'),
('18419375','classical'),
('20180034','classical'),
('24065719','country'),
('26147260','country'),
('26684840','metal'),
('27982709','other'),
('28990161','classical'),
('30702158','country'),
('31654623','metal'),
('32155693','heavy'),
('33034966','metal'),
('34664728','pop'),
('35342960','rock'),
('35747246','country'),
('40946955','r&b'),
('42275381','pop'),
('43160402','classical'),
('44499280','metal'),
('44923082','rock'),
('46599964','pop'),
('48230247','metal'),
('48978903','other'),
('49621266','r&b'),
('50880164','r&b'),
('50881963','metal'),
('51056056','r&b'),
('51903350','other'),
('52376740','metal'),
('52426223','country'),
('52539251','r&b'),
('52870255','classical'),
('57144948','r&b'),
('57176772','other'),
('57653235','country'),
('58743898','jazz'),
('59082347','rock'),
('59711698','other');

# Insertion to Video
INSERT INTO `Video` VALUES ('00222570','PG13'),
('02977676','PG'),
('03424667','R'),
('04048022','G'),
('05044337','PG'),
('05537341','G'),
('06497736','E'),
('07128240','G'),
('07812927','G'),
('09022164','PG'),
('09299979','PG13'),
('09372566','PG13'),
('11446620','E'),
('11773146','R'),
('12813988','R'),
('13241124','G'),
('13367527','R'),
('13716738','PG13'),
('14773099','E'),
('15322586','PG'),
('16558045','PG13'),
('17693127','PG'),
('18406900','PG13'),
('18419375','G'),
('20180034','R'),
('24065719','PG'),
('26147260','G'),
('26684840','E'),
('27982709','R'),
('28990161','E'),
('30702158','G'),
('31654623','G'),
('32155693','PG13'),
('33034966','PG13'),
('34664728','R'),
('35342960','PG'),
('35747246','G'),
('40946955','PG13'),
('42275381','PG13'),
('43160402','G');

# Insertion to Playlist
INSERT INTO `Playlist` VALUES ('1','4548','30','private'),
('1','619378375','40','private'),
('10','40','100','private'),
('10','64657483','150','public'),
('100','212','30','public'),
('100','540876938','40','private'),
('11','33055118','220','private'),
('11','61','100','public'),
('12','234','230','private'),
('12','83','110','public'),
('13','241','0','public'),
('13','19','0','private'),
('14','123','340','private'),
('14','486998','230','public'),
('15','486998','155','private'),
('15','22','200','public'),
('16','5892497','300','public'),
('16','97','100','public'),
('17','3500','200','private'),
('17','260','100','public'),
('18','85243','1000','private'),
('18','97','2000','public'),
('19','622','3000','private'),
('19','910205138','200','private'),
('2','5743','100','private'),
('2','641491','1000','private'),
('20','24124','300','private'),
('20','94','500','public'),
('21','2164','1000','public'),
('21','89','300','private'),
('22','1234','200','private'),
('22','7731593','100','private'),
('23','23122','200','public'),
('23','973','350','private'),
('24','121','400','public'),
('24','82572','140','public'),
('25','713844','220','public'),
('25','958716955','140','public'),
('26','288245','800','public'),
('26','7','340','private'),
('27','5','5000','public'),
('28','691','130','private'),
('29','341','340','public'),
('3','654443413','1020','public'),
('30','9','560','public'),
('31','437','230','public'),
('32','1791','340','public'),
('33','4480','130','public'),
('34','831840','350','public'),
('35','707278','100','private'),
('36','610','670','private'),
('37','56937','500','public'),
('38','9','4600','public'),
('39','4085','450','public'),
('4','345','400','private'),
('40','67220300','30','public'),
('41','802759','6900','public'),
('42','1256','809','private'),
('43','65886307','200','public'),
('44','6943068','500','private'),
('45','966','1500','private'),
('46','24654','2340','public'),
('47','740','3410','private'),
('48','78379159','220','private'),
('49','462','1230','private'),
('5','88','110','public'),
('50','1235','9770','public'),
('51','7341','110','private'),
('52','394','1500','public'),
('53','22785229','1240','private'),
('54','5672','2340','public'),
('55','28898510','130','private'),
('56','456464121','2000','private'),
('57','6620','150','private'),
('58','5','100','public'),
('59','12523','200','public'),
('6','6123','350','public'),
('60','83','400','private'),
('61','83','2340','private'),
('62','792595','120','public'),
('63','137','150','private'),
('64','179882','890','public'),
('65','6333','100','private'),
('66','81','200','public'),
('67','396','359','private'),
('68','97','124','public'),
('69','53','680','public'),
('7','7365','1890','public'),
('70','87','1235','private'),
('71','9878419','1235','public'),
('72','454220505','114','public'),
('73','12','1235','private'),
('74','7','1245','private'),
('75','2130584','456','public'),
('76','330042','1235','public'),
('77','122','650','private'),
('78','646','240','private'),
('79','16815913','240','public'),
('8','1640887','890','public'),
('80','7109734','1560','public');

# Insertion to React
INSERT INTO `React` (`id`, `cid`, `type`) VALUES ('1', '00222570', 'like');
INSERT INTO `React` (`id`, `cid`, `type`) VALUES ('2', '03424667', 'like');
INSERT INTO `React` (`id`, `cid`, `type`) VALUES ('3', '04048022', 'dislike');
INSERT INTO `React` (`id`, `cid`, `type`) VALUES ('10', '00222570', 'like');
INSERT INTO `React` (`id`, `cid`, `type`) VALUES ('100', '00222570', 'dislike');
INSERT INTO `React` (`id`, `cid`, `type`) VALUES ('11', '00222570', 'like');
INSERT INTO `React` (`id`, `cid`, `type`) VALUES ('12', '26147260', 'like');
INSERT INTO `React` (`id`, `cid`, `type`) VALUES ('13', '00222570', 'like');
INSERT INTO `React` (`id`, `cid`, `type`) VALUES ('14', '14773099', 'like');
INSERT INTO `React` (`id`, `cid`, `type`) VALUES ('14', '00222570', 'dislike');
INSERT INTO `React` (`id`, `cid`, `type`) VALUES ('14', '26684840', 'like');
INSERT INTO `React` (`id`, `cid`, `type`) VALUES ('14', '30702158', 'like');
INSERT INTO `React` (`id`, `cid`, `type`) VALUES ('15', '00222570', 'dislike');
INSERT INTO `React` (`id`, `cid`, `type`) VALUES ('2', '18406900', 'like');
INSERT INTO `React` (`id`, `cid`, `type`) VALUES ('20', '00222570', 'dislike');
INSERT INTO `React` (`id`, `cid`, `type`) VALUES ('3', '00222570', 'dislike');
INSERT INTO `React` (`id`, `cid`, `type`) VALUES ('4', '00222570', 'dislike');
INSERT INTO `React` (`id`, `cid`, `type`) VALUES ('54', '48230247', 'like');
INSERT INTO `React` (`id`, `cid`, `type`) VALUES ('55', '00222570', 'like');
INSERT INTO `React` (`id`, `cid`, `type`) VALUES ('56', '51903350', 'like');

# Insertion to Skip
INSERT INTO `Skip` VALUES ('63','00222570'),
('63','17693127'),
('63','26147260'),
('63','28990161'),
('63','31654623'),
('64','00222570'),
('65','00222570'),
('71','24065719'),
('72','24065719'),
('79','24065719'),
('8','13241124'),
('70','17693127'),
('71','17693127'),
('65','07128240'),
('63','27982709'),
('63','09022164'),
('79','11446620'),
('73','00222570'),
('74','24065719'),
('75','24065719'),
('76','00222570'),
('77','00222570'),
('78','00222570'),
('79','06497736'),
('63','24065719'),
('64','17693127'),
('65','17693127'),
('66','17693127'),
('67','17693127'),
('68','17693127'),
('69','17693127'),
('7','13241124'),
('8','07128240'),
('70','28990161'),
('71','31654623'),
('72','31654623'),
('73','13241124'),
('78','13241124'),
('79','13241124'),
('63','13241124');

# Insertion to Contain
INSERT INTO `Contain` (`id`, `pid`, `cid`) VALUES ('1', '619378375', '03424667');
INSERT INTO `Contain` (`id`, `pid`, `cid`) VALUES ('10', '64657483', '09299979');
INSERT INTO `Contain` (`id`, `pid`, `cid`) VALUES ('13', '241', '06497736');
INSERT INTO `Contain` (`id`, `pid`, `cid`) VALUES ('18', '85243', '35342960');
INSERT INTO `Contain` (`id`, `pid`, `cid`) VALUES ('7', '7365', '13716738');
INSERT INTO `Contain` (`id`, `pid`, `cid`) VALUES ('62', '792595', '03424667');
INSERT INTO `Contain` (`id`, `pid`, `cid`) VALUES ('72', '454220505', '43160402');
INSERT INTO `Contain` (`id`, `pid`, `cid`) VALUES ('52', '394', '52870255');
INSERT INTO `Contain` (`id`, `pid`, `cid`) VALUES ('42', '1256', '13241124');
INSERT INTO `Contain` (`id`, `pid`, `cid`) VALUES ('22', '7731593', '52870255');
INSERT INTO `Contain` (`id`, `pid`, `cid`) VALUES ('25', '958716955', '28990161');
INSERT INTO `Contain` (`id`, `pid`, `cid`) VALUES ('53', '22785229', '59082347');
INSERT INTO `Contain` (`id`, `pid`, `cid`) VALUES ('40', '67220300', '13716738');
INSERT INTO `Contain` (`id`, `pid`, `cid`) VALUES ('77', '122', '20180034');
INSERT INTO `Contain` (`id`, `pid`, `cid`) VALUES ('71', '9878419', '00222570');

# Insertion to Follow
INSERT INTO Follow VALUES ('1', '10' , '1985-12-01'),
('1', '100', '1988-11-15'),
('12', '11', '2001-12-03'),
('11', '13', '2012-12-01'),
('14', '18', '1988-08-01'),
('2', '39', '1985-12-01'),
('1', '4', '1995-01-01'),
('57', '4', '2002-09-01'),
('6', '60', '2009-12-01'),
('61', '64', '2015-08-01'),
('7', '70', '2018-12-01'),
('3', '8', '2019-01-01'),
('36', '39', '2011-11-01'),
('41', '62', '2010-12-24'),
('70', '71', '2009-10-20'),
('8', '80', '2001-11-01'),
('68', '2', '2004-09-01'),
('1', '65', '2005-01-13'),
('1', '78', '2006-04-01'),
('1', '47', '2007-08-01'),
('1', '48', '2008-09-01'),
('1', '49', '2019-05-11'),
('71', '100', '2018-03-23'),
('1', '63', '2001-08-10'),
('1', '80', '2013-12-12');
